customer_id,age_range,marital_status,rented,family_size,income_bracket
1,70+,Married,0,2,4
2,46-55,Married,0,2,5
3,26-35,Married,0,3,3
4,26-35,Married,0,4,6
5,46-55,Single,0,1,5
6,70+,Single,0,2,1
7,46-55,Married,0,2,7
8,36-45,Single,0,1,2
9,26-35,Married,1,2,6
10,46-55,Married,0,2,6
11,36-45,Married,0,1,5
12,46-55,Married,0,1,3
13,36-45,Single,0,2,4
14,36-45,Married,0,2,8
15,46-55,Married,0,2,1
16,70+,Married,0,1,5
17,36-45,Single,0,5+,2
18,46-55,Married,0,5+,9
19,18-25,Single,0,2,4
20,36-45,Married,0,2,4
21,46-55,Single,0,2,5
22,70+,Married,0,2,4
23,56-70,Married,0,4,7
24,46-55,Single,0,2,4
25,26-35,Married,0,4,9
26,46-55,Married,0,5+,1
27,36-45,Married,0,2,3
28,70+,Married,0,2,2
29,36-45,Married,0,5+,7
30,56-70,Married,0,1,3
31,46-55,Married,0,2,5
32,26-35,Married,0,1,4
33,70+,Single,0,1,4
34,46-55,Married,0,1,6
35,36-45,Married,0,2,4
36,46-55,Married,0,4,1
37,36-45,Married,0,5+,4
38,26-35,Single,0,3,1
39,26-35,Married,0,2,2
40,26-35,Married,0,1,4
41,36-45,Married,0,4,8
42,26-35,Married,0,2,4
43,70+,Single,0,2,4
44,46-55,Single,0,1,4
45,46-55,Married,0,1,8
46,46-55,Married,0,3,3
47,46-55,Single,0,2,4
48,46-55,Married,0,1,3
49,46-55,Married,0,2,5
50,46-55,Married,0,2,1
51,56-70,Married,0,2,3
52,46-55,Married,0,1,5
53,36-45,Single,0,1,6
54,46-55,Married,0,2,4
55,36-45,Single,0,3,5
56,18-25,Single,0,2,2
57,46-55,Married,0,1,5
58,18-25,Married,0,3,6
59,46-55,Married,0,2,4
60,56-70,Married,0,2,4
61,26-35,Married,0,3,5
62,46-55,Married,0,1,3
63,46-55,Married,0,2,4
64,46-55,Married,0,2,6
65,36-45,Married,0,3,1
66,46-55,Married,0,2,5
67,46-55,Married,0,3,3
68,70+,Married,0,2,4
69,36-45,Married,0,1,1
70,56-70,Single,0,2,1
71,36-45,Married,0,1,5
72,46-55,Married,0,2,2
73,56-70,Married,0,2,9
74,46-55,Married,0,2,4
75,70+,Married,0,1,2
76,36-45,Married,0,2,4
77,26-35,Married,0,1,3
78,36-45,Married,0,2,4
79,36-45,Married,0,5+,12
80,46-55,Married,1,1,5
81,46-55,Married,0,5+,6
82,70+,Married,0,2,5
83,36-45,Married,0,4,8
84,36-45,Married,1,3,1
85,46-55,Married,0,1,1
86,26-35,Married,0,2,5
87,26-35,Married,0,3,3
88,46-55,Married,0,2,4
89,46-55,Married,0,2,6
90,36-45,Married,0,1,4
91,36-45,Single,0,1,5
92,46-55,Married,0,1,4
93,26-35,Married,0,2,5
94,46-55,Single,0,1,7
95,26-35,Married,0,2,4
96,26-35,Married,0,4,5
97,56-70,Married,0,2,1
98,36-45,Married,0,4,4
99,46-55,Married,0,3,4
100,26-35,Married,0,2,5
101,18-25,Married,0,4,4
102,46-55,Married,0,3,6
103,46-55,Married,0,2,6
104,46-55,Married,0,4,4
105,46-55,Married,0,2,7
106,46-55,Married,0,1,5
107,26-35,Married,0,1,6
108,36-45,Married,0,5+,8
109,46-55,Married,0,2,1
110,70+,Married,0,2,5
111,46-55,Married,0,4,5
112,46-55,Married,0,1,5
113,46-55,Married,0,2,9
114,26-35,Married,0,5+,4
115,36-45,Married,0,2,5
116,46-55,Married,0,1,5
117,70+,Married,0,1,5
118,56-70,Married,0,2,5
119,70+,Married,0,2,5
120,36-45,Married,0,3,6
121,46-55,Married,0,2,5
122,56-70,Married,0,2,5
123,26-35,Single,0,2,4
124,46-55,Married,0,1,5
125,36-45,Single,0,1,3
126,26-35,Single,0,1,5
127,36-45,Married,0,1,9
128,46-55,Single,1,1,3
129,70+,Single,0,1,3
130,36-45,Married,0,3,12
131,36-45,Married,0,3,9
132,26-35,Married,0,2,3
133,18-25,Single,0,2,3
134,56-70,Married,0,5+,4
135,36-45,Married,0,2,1
136,70+,Married,0,2,2
137,46-55,Married,0,1,7
138,36-45,Married,0,3,4
139,46-55,Married,0,2,5
140,18-25,Single,0,2,5
141,18-25,Single,0,1,3
142,36-45,Married,0,3,2
143,26-35,Married,0,5+,5
144,36-45,Married,0,2,5
145,46-55,Single,0,1,5
146,26-35,Married,0,2,2
147,46-55,Married,0,2,3
148,26-35,Single,1,2,1
149,56-70,Married,0,1,4
150,18-25,Single,0,2,5
151,56-70,Married,0,2,4
152,70+,Married,0,1,3
153,70+,Married,0,1,7
154,70+,Married,0,2,5
155,46-55,Married,0,1,6
156,46-55,Married,0,1,5
157,46-55,Married,0,1,4
158,26-35,Married,0,2,2
159,36-45,Married,0,1,3
160,56-70,Married,0,1,9
161,36-45,Married,0,5+,6
162,46-55,Married,0,2,6
163,46-55,Married,0,2,5
164,56-70,Married,0,1,5
165,36-45,Married,0,3,12
166,46-55,Married,0,2,6
167,46-55,Married,0,2,6
168,70+,Single,0,1,4
169,46-55,Married,0,1,5
170,46-55,Married,0,1,5
171,46-55,Married,0,1,4
172,26-35,Single,0,1,5
173,26-35,Married,0,1,4
174,36-45,Married,0,3,4
175,46-55,Married,0,2,5
176,36-45,Single,0,2,6
177,46-55,Married,0,2,6
178,18-25,Single,0,2,4
179,18-25,Single,0,1,3
180,36-45,Married,0,3,12
181,36-45,Married,0,3,6
182,36-45,Married,0,1,5
183,56-70,Married,0,2,4
184,26-35,Married,0,1,5
185,46-55,Married,0,3,8
186,36-45,Single,0,1,2
187,18-25,Married,1,3,4
188,36-45,Married,0,5+,5
189,26-35,Married,0,3,4
190,46-55,Married,0,3,2
191,18-25,Single,0,2,1
192,36-45,Single,0,1,3
193,36-45,Married,0,4,7
194,26-35,Married,0,4,6
195,46-55,Married,0,1,4
196,46-55,Married,0,1,8
197,26-35,Single,1,5+,3
198,46-55,Married,0,1,5
199,36-45,Married,0,4,2
200,46-55,Married,0,1,4
201,36-45,Married,0,1,2
202,46-55,Married,0,3,4
203,46-55,Married,0,1,5
204,36-45,Married,0,3,4
205,70+,Married,0,3,7
206,70+,Married,0,2,6
207,36-45,Married,1,4,5
208,56-70,Married,0,2,5
209,46-55,Married,0,1,5
210,56-70,Married,0,3,4
211,36-45,Married,0,1,4
212,36-45,Married,0,2,3
213,36-45,Married,0,2,5
214,46-55,Married,0,1,5
215,70+,Married,0,2,8
216,36-45,Married,0,2,1
217,36-45,Married,0,3,8
218,70+,Single,0,1,2
219,70+,Married,0,1,4
220,46-55,Married,0,2,2
221,36-45,Single,0,3,4
222,36-45,Married,0,2,5
223,46-55,Married,0,2,5
224,46-55,Single,0,2,5
225,26-35,Married,0,5+,7
226,36-45,Married,0,4,7
227,70+,Married,0,2,5
228,56-70,Married,0,3,2
229,56-70,Married,0,2,2
230,46-55,Married,0,5+,6
231,46-55,Married,0,5+,3
232,36-45,Married,0,2,5
233,46-55,Married,0,1,3
234,46-55,Married,0,2,4
235,56-70,Married,0,4,6
236,46-55,Married,0,2,6
237,46-55,Married,0,2,10
238,70+,Married,0,3,5
239,36-45,Married,1,4,2
240,46-55,Single,0,3,1
241,36-45,Married,1,2,6
242,36-45,Married,0,1,5
243,26-35,Married,0,5+,8
244,36-45,Married,1,2,8
245,36-45,Married,0,5+,5
246,46-55,Married,0,2,9
247,36-45,Married,1,2,5
248,46-55,Married,0,1,5
249,70+,Married,0,3,8
250,46-55,Married,0,2,7
251,70+,Married,0,2,6
252,18-25,Single,0,2,6
253,26-35,Single,0,1,3
254,26-35,Married,0,2,1
255,46-55,Single,0,1,5
256,26-35,Single,0,2,6
257,26-35,Married,0,2,4
258,70+,Married,0,2,4
259,26-35,Single,0,2,6
260,36-45,Married,0,2,6
261,46-55,Married,0,3,6
262,26-35,Married,0,1,5
263,36-45,Married,0,3,9
264,36-45,Married,0,3,5
265,46-55,Married,0,2,10
266,46-55,Single,0,3,5
267,36-45,Married,0,5+,6
268,46-55,Married,0,2,11
269,18-25,Single,0,1,5
270,26-35,Married,0,4,4
271,26-35,Single,0,1,10
272,56-70,Single,0,1,4
273,70+,Married,0,3,4
274,26-35,Single,0,1,5
275,46-55,Married,0,1,2
276,36-45,Married,0,1,2
277,46-55,Married,0,1,6
278,70+,Married,0,2,4
279,36-45,Married,0,3,11
280,26-35,Married,0,3,4
281,36-45,Single,0,2,5
282,46-55,Married,0,2,5
283,36-45,Married,0,2,4
284,36-45,Married,0,2,7
285,26-35,Married,0,3,9
286,26-35,Married,0,4,5
287,46-55,Married,0,1,9
288,56-70,Married,0,2,8
289,36-45,Married,0,2,4
290,36-45,Married,0,1,4
291,56-70,Married,0,2,1
292,46-55,Married,0,3,7
293,26-35,Married,0,2,8
294,46-55,Single,0,1,2
295,46-55,Married,0,5+,4
296,46-55,Married,0,1,4
297,36-45,Married,0,2,1
298,46-55,Single,1,2,3
299,18-25,Single,0,2,2
300,46-55,Married,0,1,1
301,46-55,Married,0,2,6
302,18-25,Single,0,2,11
303,18-25,Single,0,1,1
304,70+,Single,0,1,4
305,26-35,Single,0,2,5
306,18-25,Single,0,1,1
307,46-55,Married,0,2,5
308,36-45,Married,0,5+,8
309,36-45,Single,1,2,4
310,26-35,Married,0,3,4
311,36-45,Married,0,4,5
312,26-35,Married,0,5+,11
313,36-45,Single,0,2,4
314,46-55,Married,0,4,4
315,46-55,Married,0,3,4
316,26-35,Married,0,1,4
317,56-70,Married,0,5+,5
318,56-70,Married,0,2,3
319,46-55,Single,0,1,6
320,46-55,Married,0,1,5
321,36-45,Married,0,1,3
322,26-35,Single,0,1,2
323,36-45,Married,0,5+,4
324,46-55,Married,0,4,2
325,46-55,Single,0,1,5
326,46-55,Married,0,5+,4
327,46-55,Married,0,2,3
328,36-45,Married,0,5+,5
329,26-35,Married,0,4,1
330,36-45,Married,0,2,6
331,56-70,Married,0,1,1
332,26-35,Single,0,1,7
333,26-35,Single,0,1,4
334,26-35,Single,0,2,6
335,26-35,Married,0,2,1
336,56-70,Married,0,2,7
337,36-45,Married,0,1,5
338,36-45,Single,1,2,4
339,70+,Married,0,2,2
340,36-45,Married,0,2,3
341,26-35,Married,0,2,4
342,36-45,Single,0,2,5
343,46-55,Married,0,4,4
344,26-35,Single,0,2,4
345,56-70,Married,0,2,6
346,46-55,Married,0,1,4
347,26-35,Married,0,3,4
348,46-55,Married,0,2,6
349,46-55,Married,0,5+,6
350,36-45,Married,0,3,5
351,46-55,Married,0,3,5
352,36-45,Single,1,4,1
353,56-70,Married,0,2,2
354,26-35,Married,0,3,6
355,56-70,Married,1,3,3
356,46-55,Single,0,3,5
357,70+,Single,0,1,4
358,36-45,Single,0,2,2
359,46-55,Married,0,2,5
360,36-45,Single,0,4,4
361,46-55,Single,0,1,1
362,46-55,Married,0,2,4
363,46-55,Married,0,2,2
364,46-55,Married,0,2,2
365,70+,Married,0,1,4
366,36-45,Single,0,1,1
367,26-35,Single,0,1,2
368,46-55,Married,0,3,8
369,36-45,Married,0,4,5
370,18-25,Married,0,2,2
371,26-35,Single,0,1,5
372,26-35,Married,0,5+,1
373,26-35,Married,0,2,5
374,46-55,Married,0,1,2
375,36-45,Married,0,2,5
376,46-55,Married,0,5+,5
377,46-55,Married,1,1,4
378,26-35,Married,0,2,4
379,36-45,Married,0,2,9
380,46-55,Married,0,4,4
381,18-25,Married,0,3,2
382,46-55,Married,0,1,2
383,26-35,Single,0,3,4
384,46-55,Married,0,1,7
385,56-70,Married,0,2,9
386,46-55,Single,0,2,4
387,36-45,Married,0,3,5
388,46-55,Single,0,2,1
389,36-45,Married,0,2,4
390,46-55,Single,0,2,5
391,46-55,Married,0,2,5
392,46-55,Married,0,3,5
393,46-55,Married,0,1,6
394,70+,Married,0,1,5
395,46-55,Married,0,2,3
396,26-35,Single,0,1,2
397,46-55,Married,0,1,2
398,46-55,Married,0,1,2
399,70+,Married,0,2,4
400,26-35,Single,1,3,3
401,56-70,Married,0,2,4
402,70+,Married,0,2,3
403,36-45,Single,0,1,6
404,36-45,Married,1,4,2
405,46-55,Married,0,4,5
406,18-25,Single,1,2,1
407,46-55,Single,0,1,1
408,56-70,Married,0,2,4
409,70+,Married,0,2,5
410,18-25,Single,0,2,4
411,46-55,Married,0,1,1
412,46-55,Married,0,4,8
413,46-55,Married,0,4,5
414,36-45,Married,0,2,6
415,70+,Single,0,2,2
416,56-70,Married,0,2,3
417,26-35,Married,0,2,2
418,70+,Single,0,1,7
419,36-45,Single,0,3,6
420,26-35,Single,0,1,1
421,70+,Married,0,2,3
422,56-70,Single,0,1,5
423,26-35,Married,0,1,7
424,46-55,Single,0,2,5
425,36-45,Married,0,3,7
426,70+,Married,0,2,7
427,46-55,Married,0,2,5
428,36-45,Single,0,1,9
429,46-55,Married,0,2,5
430,70+,Married,0,2,8
431,46-55,Single,1,1,4
432,56-70,Married,0,1,2
433,46-55,Married,0,3,5
434,26-35,Married,0,3,4
435,36-45,Single,0,1,4
436,36-45,Married,0,2,5
437,46-55,Married,0,1,2
438,18-25,Single,0,3,5
439,56-70,Single,0,2,4
440,46-55,Single,1,1,4
441,36-45,Married,0,3,4
442,26-35,Married,0,3,2
443,46-55,Married,0,1,1
444,36-45,Single,0,2,9
445,36-45,Married,0,2,1
446,46-55,Married,0,5+,8
447,46-55,Married,0,3,3
448,46-55,Married,0,3,8
449,70+,Married,0,2,6
450,36-45,Married,0,2,3
451,26-35,Married,1,2,5
452,36-45,Married,0,4,5
453,70+,Married,0,2,6
454,46-55,Single,0,1,4
455,36-45,Married,0,1,5
456,26-35,Single,0,1,5
457,46-55,Married,0,1,2
458,18-25,Married,0,1,4
459,18-25,Single,0,1,1
460,18-25,Married,0,2,4
461,36-45,Married,0,1,5
462,26-35,Married,0,2,5
463,70+,Married,0,2,4
464,70+,Married,0,2,2
465,70+,Single,0,1,3
466,56-70,Married,0,2,2
467,46-55,Married,0,1,3
468,46-55,Married,0,2,5
469,46-55,Married,0,4,5
470,46-55,Married,0,2,4
471,26-35,Married,0,2,5
472,36-45,Single,0,1,8
473,46-55,Single,0,1,5
474,26-35,Married,1,3,6
475,46-55,Married,0,1,5
476,18-25,Married,1,3,4
477,46-55,Single,0,4,2
478,36-45,Married,0,1,5
479,46-55,Married,0,2,4
480,46-55,Single,0,1,2
481,46-55,Married,0,2,4
482,26-35,Married,1,4,7
483,46-55,Married,0,3,6
484,36-45,Married,0,2,6
485,46-55,Married,1,1,2
486,56-70,Single,0,1,4
487,36-45,Married,0,2,6
488,46-55,Single,0,2,2
489,18-25,Single,0,2,5
490,46-55,Single,0,1,9
491,36-45,Married,0,1,5
492,26-35,Married,0,1,3
493,46-55,Married,0,1,5
494,36-45,Married,0,2,4
495,46-55,Married,0,5+,8
496,36-45,Married,0,2,6
497,26-35,Married,0,1,4
498,18-25,Single,1,4,1
499,46-55,Married,0,2,5
500,26-35,Married,0,5+,4
501,36-45,Single,0,1,2
502,36-45,Single,0,1,1
503,36-45,Married,0,2,9
504,36-45,Single,0,2,6
505,46-55,Married,0,2,6
506,46-55,Single,0,1,6
507,46-55,Married,0,2,2
508,46-55,Married,0,1,5
509,36-45,Married,0,1,5
510,26-35,Married,0,3,4
511,36-45,Single,0,1,2
512,36-45,Married,0,1,3
513,46-55,Married,0,3,5
514,36-45,Single,0,1,3
515,46-55,Married,0,1,3
516,26-35,Married,0,3,4
517,36-45,Married,0,2,9
518,46-55,Married,0,1,5
519,46-55,Married,0,2,2
520,56-70,Married,0,1,6
521,18-25,Single,0,1,12
522,46-55,Married,0,2,1
523,56-70,Single,0,1,4
524,26-35,Married,1,4,2
525,46-55,Married,0,1,4
526,36-45,Married,0,5+,4
527,46-55,Married,0,5+,8
528,46-55,Married,0,4,6
529,46-55,Married,0,1,4
530,26-35,Married,0,2,4
531,70+,Married,0,2,6
532,26-35,Married,0,5+,4
533,36-45,Married,0,2,6
534,46-55,Single,0,2,7
535,46-55,Single,0,2,3
536,18-25,Single,0,1,4
537,70+,Married,0,1,1
538,36-45,Married,0,2,10
539,46-55,Single,0,2,9
540,18-25,Married,0,3,5
541,70+,Married,0,2,4
542,46-55,Married,0,1,5
543,70+,Married,0,2,9
544,46-55,Married,0,2,3
545,18-25,Single,1,5+,1
546,46-55,Married,0,2,9
547,56-70,Married,0,2,4
548,46-55,Married,0,2,6
549,70+,Married,0,2,6
550,56-70,Single,0,1,6
551,26-35,Married,0,5+,3
552,46-55,Married,0,5+,8
553,46-55,Single,0,2,4
554,46-55,Married,0,3,10
555,46-55,Married,0,1,10
556,46-55,Married,0,3,6
557,70+,Married,0,2,6
558,26-35,Single,0,1,9
559,26-35,Married,0,4,2
560,46-55,Married,0,5+,8
561,46-55,Married,0,1,5
562,18-25,Married,1,2,4
563,36-45,Single,0,1,2
564,70+,Married,0,2,4
565,36-45,Married,0,3,4
566,36-45,Married,0,2,7
567,46-55,Married,0,2,5
568,26-35,Married,0,3,3
569,46-55,Married,0,3,4
570,26-35,Single,0,1,5
571,36-45,Married,0,2,5
572,56-70,Single,0,1,6
573,70+,Married,0,1,2
574,36-45,Married,0,5+,4
575,56-70,Married,0,2,5
576,36-45,Married,0,2,4
577,18-25,Single,1,1,4
578,18-25,Single,0,1,1
579,36-45,Single,0,3,6
580,36-45,Single,0,1,3
581,46-55,Married,0,1,5
582,56-70,Married,0,2,9
583,46-55,Married,0,2,5
584,36-45,Married,0,2,5
585,26-35,Married,0,4,8
586,26-35,Married,0,1,6
587,36-45,Married,0,1,5
588,46-55,Married,0,1,1
589,46-55,Married,0,1,5
590,26-35,Married,0,1,4
591,70+,Married,0,2,3
592,70+,Married,1,1,1
593,26-35,Married,0,3,5
594,36-45,Single,1,1,6
595,26-35,Married,0,5+,5
596,46-55,Married,0,3,9
597,56-70,Married,0,2,5
598,26-35,Married,0,1,7
599,26-35,Married,0,5+,5
600,70+,Married,0,1,2
601,36-45,Married,0,5+,8
602,26-35,Single,0,3,3
603,26-35,Married,0,1,5
604,36-45,Married,0,1,4
605,46-55,Married,0,1,5
606,46-55,Married,0,1,1
607,46-55,Married,0,3,5
608,46-55,Married,0,1,6
609,46-55,Married,1,2,3
610,18-25,Single,0,1,3
611,46-55,Married,0,2,6
612,46-55,Married,0,1,5
613,36-45,Married,0,5+,7
614,26-35,Single,0,2,8
615,36-45,Single,0,1,6
616,36-45,Single,1,2,4
617,36-45,Married,0,5+,3
618,46-55,Married,0,2,2
619,36-45,Married,0,2,4
620,26-35,Single,0,2,8
621,26-35,Married,0,2,3
622,56-70,Married,0,2,6
623,18-25,Single,0,1,5
624,56-70,Married,0,2,5
625,36-45,Married,0,1,2
626,46-55,Married,0,1,5
627,26-35,Married,0,3,7
628,46-55,Married,0,3,1
629,56-70,Married,0,2,8
630,36-45,Married,0,2,4
631,46-55,Married,0,2,3
632,46-55,Single,0,1,7
633,26-35,Married,0,1,4
634,36-45,Married,0,3,1
635,46-55,Married,0,2,5
636,36-45,Married,0,5+,2
637,70+,Married,0,2,4
638,56-70,Married,0,2,10
639,36-45,Married,0,5+,6
640,36-45,Married,0,2,8
641,46-55,Married,0,2,6
642,46-55,Married,0,5+,4
643,36-45,Married,0,5+,9
644,36-45,Married,0,5+,6
645,56-70,Single,0,2,4
646,46-55,Married,0,2,6
647,26-35,Married,0,4,5
648,26-35,Married,0,2,4
649,26-35,Single,0,1,5
650,56-70,Married,0,2,7
651,36-45,Married,0,1,4
652,26-35,Married,0,3,6
653,56-70,Married,0,4,4
654,46-55,Married,0,2,4
655,46-55,Married,0,2,5
656,26-35,Single,0,1,5
657,46-55,Married,0,1,6
658,36-45,Married,0,1,5
659,26-35,Married,0,2,4
660,46-55,Married,0,3,4
661,56-70,Married,0,3,7
662,46-55,Married,0,2,6
663,70+,Married,0,2,3
664,26-35,Married,0,1,5
665,26-35,Married,0,4,8
666,36-45,Married,0,1,3
667,70+,Single,0,2,4
668,36-45,Married,0,4,5
669,26-35,Married,0,2,5
670,56-70,Single,0,1,3
671,36-45,Single,0,1,3
672,18-25,Single,0,3,5
673,46-55,Married,0,1,1
674,46-55,Married,0,2,5
675,36-45,Married,0,3,5
676,26-35,Married,1,5+,4
677,36-45,Single,0,1,2
678,70+,Single,0,1,4
679,18-25,Single,0,1,12
680,36-45,Married,0,2,11
681,26-35,Single,0,1,9
682,70+,Married,0,2,1
683,46-55,Married,0,3,10
684,46-55,Married,0,1,5
685,46-55,Married,0,2,5
686,36-45,Married,0,1,6
687,46-55,Married,0,4,5
688,18-25,Single,0,1,4
689,46-55,Married,0,1,3
690,46-55,Married,0,2,12
691,26-35,Single,0,1,4
692,56-70,Married,0,2,4
693,26-35,Married,0,2,5
694,36-45,Married,0,3,2
695,56-70,Single,0,1,10
696,46-55,Married,0,2,12
697,46-55,Married,1,4,3
698,36-45,Single,1,1,4
699,36-45,Married,0,2,8
700,70+,Married,0,2,5
701,46-55,Married,0,2,5
702,36-45,Married,0,3,4
703,46-55,Single,0,1,5
704,46-55,Married,0,3,6
705,46-55,Married,0,2,12
706,46-55,Married,0,2,8
707,36-45,Married,0,5+,5
708,18-25,Single,0,1,1
709,46-55,Married,0,1,10
710,36-45,Married,0,2,5
711,46-55,Married,0,2,12
712,46-55,Married,0,1,5
713,36-45,Married,0,5+,4
714,36-45,Married,0,1,5
715,70+,Married,0,3,1
716,46-55,Married,0,1,5
717,56-70,Married,0,1,7
718,18-25,Single,0,1,5
719,46-55,Married,0,2,4
720,46-55,Married,0,2,6
721,46-55,Married,0,2,3
722,26-35,Single,0,1,5
723,26-35,Married,0,2,4
724,46-55,Married,1,2,3
725,46-55,Married,0,2,1
726,26-35,Married,0,2,1
727,46-55,Married,0,2,9
728,46-55,Married,0,1,4
729,26-35,Married,0,5+,5
730,46-55,Married,0,1,5
731,26-35,Married,0,2,5
732,36-45,Married,0,1,6
733,36-45,Married,0,3,3
734,26-35,Married,0,1,2
735,26-35,Married,0,3,8
736,46-55,Married,0,2,7
737,70+,Married,0,2,1
738,46-55,Married,0,3,2
739,46-55,Married,0,5+,9
740,18-25,Single,0,1,1
741,36-45,Married,0,3,5
742,18-25,Single,0,1,4
743,36-45,Married,0,5+,8
744,46-55,Married,0,1,4
745,36-45,Married,0,2,8
746,36-45,Married,0,2,3
747,46-55,Married,0,2,5
748,46-55,Single,0,1,5
749,46-55,Single,0,2,3
750,36-45,Married,0,3,6
751,26-35,Married,0,2,9
752,46-55,Single,0,1,6
753,36-45,Single,0,1,3
754,46-55,Single,0,1,4
755,36-45,Married,0,2,5
756,36-45,Married,0,2,5
757,46-55,Married,0,3,6
758,46-55,Married,0,1,4
759,26-35,Married,0,2,5
760,26-35,Married,0,3,1
761,70+,Married,0,1,4
762,46-55,Married,0,2,2
763,36-45,Single,0,3,4
764,36-45,Married,0,2,5
765,46-55,Married,0,2,5
766,46-55,Single,0,2,5
767,26-35,Married,0,5+,7
768,36-45,Married,0,4,7
769,70+,Married,0,2,5
770,56-70,Married,0,3,2
771,56-70,Married,0,2,2
772,46-55,Married,0,5+,6
773,46-55,Married,0,5+,3
774,36-45,Married,0,2,5
775,46-55,Married,0,1,3
776,46-55,Married,0,2,4
777,56-70,Married,0,4,6
778,46-55,Married,0,2,6
779,46-55,Married,0,2,10
780,70+,Married,0,3,5
781,36-45,Married,1,4,2
782,46-55,Single,0,3,1
783,36-45,Married,1,2,6
784,36-45,Married,0,1,5
785,26-35,Married,0,5+,8
786,36-45,Married,1,2,8
787,36-45,Married,0,5+,5
788,46-55,Married,0,2,9
789,36-45,Married,1,2,5
790,46-55,Married,0,1,5
791,70+,Married,0,3,8
792,46-55,Married,0,2,7
793,70+,Married,0,2,6
794,18-25,Single,0,2,6
795,26-35,Single,0,1,3
796,26-35,Married,0,2,1
797,46-55,Single,0,1,5
798,26-35,Single,0,2,6
799,26-35,Married,0,2,4
800,70+,Married,0,2,4
801,26-35,Single,0,2,6
802,36-45,Married,0,2,6
803,46-55,Married,0,3,6
804,26-35,Married,0,1,5
805,36-45,Married,0,3,9
806,36-45,Married,0,3,5
807,46-55,Married,0,2,10
808,46-55,Single,0,3,5
809,36-45,Married,0,5+,6
810,46-55,Married,0,2,11
811,18-25,Single,0,1,5
812,26-35,Married,0,4,4
813,26-35,Single,0,1,10
814,56-70,Single,0,1,4
815,70+,Married,0,3,4
816,26-35,Single,0,1,5
817,46-55,Married,0,1,2
818,36-45,Married,0,1,2
819,46-55,Married,0,1,6
820,70+,Married,0,2,4
821,36-45,Married,0,3,11
822,26-35,Married,0,3,4
823,36-45,Single,0,2,5
824,46-55,Married,0,2,5
825,36-45,Married,0,2,4
826,36-45,Married,0,2,7
827,26-35,Married,0,3,9
828,26-35,Married,0,4,5
829,46-55,Married,0,1,9
830,56-70,Married,0,2,8
831,36-45,Married,0,2,4
832,36-45,Married,0,1,4
833,56-70,Married,0,2,1
834,46-55,Married,0,3,7
835,26-35,Married,0,2,8
836,46-55,Single,0,1,2
837,46-55,Married,0,5+,4
838,46-55,Married,0,1,4
839,36-45,Married,0,2,1
840,46-55,Single,1,2,3
841,18-25,Single,0,2,2
842,46-55,Married,0,1,1
843,46-55,Married,0,2,6
844,18-25,Single,0,2,11
845,18-25,Single,0,1,1
846,70+,Single,0,1,4
847,26-35,Single,0,2,5
848,18-25,Single,0,1,1
849,46-55,Married,0,2,5
850,36-45,Married,0,5+,8
851,36-45,Single,1,2,4
852,26-35,Married,0,3,4
853,36-45,Married,0,4,5
854,26-35,Married,0,5+,11
855,36-45,Single,0,2,4
856,46-55,Married,0,4,4
857,46-55,Married,0,3,4
858,26-35,Married,0,1,4
859,56-70,Married,0,5+,5
860,56-70,Married,0,2,3
861,46-55,Single,0,1,6
862,46-55,Married,0,1,5
863,36-45,Married,0,1,3
864,26-35,Single,0,1,2
865,36-45,Married,0,5+,4
866,46-55,Married,0,4,2
867,46-55,Single,0,1,5
868,46-55,Married,0,5+,4
869,46-55,Married,0,2,3
870,36-45,Married,0,5+,5
871,26-35,Married,0,4,1
872,36-45,Married,0,2,6
873,56-70,Married,0,1,1
874,26-35,Single,0,1,7
875,26-35,Single,0,1,4
876,26-35,Single,0,2,6
877,26-35,Married,0,2,1
878,56-70,Married,0,2,7
879,36-45,Married,0,1,5
880,36-45,Single,1,2,4
881,70+,Married,0,2,2
882,36-45,Married,0,2,3
883,26-35,Married,0,2,4
884,36-45,Single,0,2,5
885,46-55,Married,0,4,4
886,26-35,Single,0,2,4
887,56-70,Married,0,2,6
888,46-55,Married,0,1,4
889,26-35,Married,0,3,4
890,46-55,Married,0,2,6
891,46-55,Married,0,5+,6
892,36-45,Married,0,3,5
893,46-55,Married,0,3,5
894,36-45,Single,1,4,1
895,56-70,Married,0,2,2
896,26-35,Married,0,3,6
897,56-70,Married,1,3,3
898,46-55,Single,0,3,5
899,70+,Single,0,1,4
900,36-45,Single,0,2,2
901,46-55,Married,0,2,5
902,36-45,Single,0,4,4
903,46-55,Single,0,1,1
904,46-55,Married,0,2,4
905,46-55,Married,0,2,2
906,46-55,Married,0,2,2
907,70+,Married,0,1,4
908,36-45,Single,0,1,1
909,26-35,Single,0,1,2
910,46-55,Married,0,3,8
911,36-45,Married,0,4,5
912,18-25,Married,0,2,2
913,26-35,Single,0,1,5
914,26-35,Married,0,5+,1
915,26-35,Married,0,2,5
916,46-55,Married,0,1,2
917,36-45,Married,0,2,5
918,46-55,Married,0,5+,5
919,46-55,Married,1,1,4
920,26-35,Married,0,2,4
921,36-45,Married,0,2,9
922,46-55,Married,0,4,4
923,18-25,Married,0,3,2
924,46-55,Married,0,1,2
925,26-35,Single,0,3,4
926,46-55,Married,0,1,7
927,56-70,Married,0,2,9
928,46-55,Single,0,2,4
929,36-45,Married,0,3,5
930,46-55,Single,0,2,1
931,36-45,Married,0,2,4
932,46-55,Single,0,2,5
933,46-55,Married,0,2,5
934,46-55,Married,0,3,5
935,46-55,Married,0,1,6
936,70+,Married,0,1,5
937,46-55,Married,0,2,3
938,26-35,Single,0,1,2
939,46-55,Married,0,1,2
940,46-55,Married,0,1,2
941,70+,Married,0,2,4
942,26-35,Single,1,3,3
943,56-70,Married,0,2,4
944,70+,Married,0,2,3
945,36-45,Single,0,1,6
946,36-45,Married,1,4,2
947,46-55,Married,0,4,5
948,18-25,Single,1,2,1
949,46-55,Single,0,1,1
950,56-70,Married,0,2,4
951,70+,Married,0,2,5
952,18-25,Single,0,2,4
953,46-55,Married,0,1,1
954,46-55,Married,0,4,8
955,46-55,Married,0,4,5
956,36-45,Married,0,2,6
957,70+,Single,0,2,2
958,56-70,Married,0,2,3
959,26-35,Married,0,2,2
960,70+,Single,0,1,7
961,36-45,Single,0,3,6
962,26-35,Single,0,1,1
963,70+,Married,0,2,3
964,56-70,Single,0,1,5
965,26-35,Married,0,1,7
966,46-55,Single,0,2,5
967,36-45,Married,0,3,7
968,70+,Married,0,2,7
969,46-55,Married,0,2,5
970,36-45,Single,0,1,9
971,46-55,Married,0,2,5
972,70+,Married,0,2,8
973,46-55,Single,1,1,4
974,56-70,Married,0,1,2
975,46-55,Married,0,3,5
976,26-35,Married,0,3,4
977,36-45,Single,0,1,4
978,36-45,Married,0,2,5
979,46-55,Married,0,1,2
980,18-25,Single,0,3,5
981,56-70,Single,0,2,4
982,46-55,Single,1,1,4
983,36-45,Married,0,3,4
984,26-35,Married,0,3,2
985,46-55,Married,0,1,1
986,36-45,Single,0,2,9
987,36-45,Married,0,2,1
988,46-55,Married,0,5+,8
989,46-55,Married,0,3,3
990,46-55,Married,0,3,8
991,70+,Married,0,2,6
992,36-45,Married,0,2,3
993,26-35,Married,1,2,5
994,36-45,Married,0,4,5
995,70+,Married,0,2,6
996,46-55,Single,0,1,4
997,36-45,Married,0,1,5
998,26-35,Single,0,1,5
999,46-55,Married,0,1,2
1000,18-25,Married,0,1,4
1001,18-25,Single,0,1,1
1002,18-25,Married,0,2,4
1003,36-45,Married,0,1,5
1004,26-35,Married,0,2,5
1005,70+,Married,0,2,4
1006,70+,Married,0,2,2
1007,70+,Single,0,1,3
1008,56-70,Married,0,2,2
1009,46-55,Married,0,1,3
1010,46-55,Married,0,2,5
1011,46-55,Married,0,4,5
1012,46-55,Married,0,2,4
1013,26-35,Married,0,2,5
1014,36-45,Single,0,1,8
1015,46-55,Single,0,1,5
1016,26-35,Married,1,3,6
1017,46-55,Married,0,1,5
1018,18-25,Married,1,3,4
1019,46-55,Single,0,4,2
1020,36-45,Married,0,1,5
1021,46-55,Married,0,2,4
1022,46-55,Single,0,1,2
1023,46-55,Married,0,2,4
1024,26-35,Married,1,4,7
1025,46-55,Married,0,3,6
1026,36-45,Married,0,2,6
1027,46-55,Married,1,1,2
1028,56-70,Single,0,1,4
1029,36-45,Married,0,2,6
1030,46-55,Single,0,2,2
1031,18-25,Single,0,2,5
1032,46-55,Single,0,1,9
1033,36-45,Married,0,1,5
1034,26-35,Married,0,1,3
1035,46-55,Married,0,1,5
1036,36-45,Married,0,2,4
1037,46-55,Married,0,5+,8
1038,36-45,Married,0,2,6
1039,26-35,Married,0,1,4
1040,18-25,Single,1,4,1
1041,46-55,Married,0,2,5
1042,26-35,Married,0,5+,4
1043,36-45,Single,0,1,2
1044,36-45,Single,0,1,1
1045,36-45,Married,0,2,9
1046,36-45,Single,0,2,6
1047,46-55,Married,0,2,6
1048,46-55,Single,0,1,6
1049,46-55,Married,0,2,2
1050,46-55,Married,0,1,5
1051,36-45,Married,0,1,5
1052,26-35,Married,0,3,4
1053,36-45,Single,0,1,2
1054,36-45,Married,0,1,3
1055,46-55,Married,0,3,5
1056,36-45,Single,0,1,3
1057,46-55,Married,0,1,3
1058,26-35,Married,0,3,4
1059,36-45,Married,0,2,9
1060,46-55,Married,0,1,5
1061,46-55,Married,0,2,2
1062,56-70,Married,0,1,6
1063,18-25,Single,0,1,12
1064,46-55,Married,0,2,1
1065,56-70,Single,0,1,4
1066,26-35,Married,1,4,2
1067,46-55,Married,0,1,4
1068,36-45,Married,0,5+,4
1069,46-55,Married,0,5+,8
1070,46-55,Married,0,4,6
1071,46-55,Married,0,1,4
1072,26-35,Married,0,2,4
1073,70+,Married,0,2,6
1074,26-35,Married,0,5+,4
1075,36-45,Married,0,2,6
1076,46-55,Single,0,2,7
1077,46-55,Single,0,2,3
1078,18-25,Single,0,1,4
1079,70+,Married,0,1,1
1080,36-45,Married,0,2,10
1081,46-55,Single,0,2,9
1082,18-25,Married,0,3,5
1083,70+,Married,0,2,4
1084,46-55,Married,0,1,5
1085,70+,Married,0,2,9
1086,46-55,Married,0,2,3
1087,18-25,Single,1,5+,1
1088,46-55,Married,0,2,9
1089,56-70,Married,0,2,4
1090,46-55,Married,0,2,6
1091,70+,Married,0,2,6
1092,56-70,Single,0,1,6
1093,26-35,Married,0,5+,3
1094,46-55,Married,0,5+,8
1095,46-55,Single,0,2,4
1096,46-55,Married,0,3,10
1097,46-55,Married,0,1,10
1098,46-55,Married,0,3,6
1099,70+,Married,0,2,6
1100,26-35,Single,0,1,9
1101,26-35,Married,0,4,2
1102,46-55,Married,0,5+,8
1103,46-55,Married,0,1,5
1104,18-25,Married,1,2,4
1105,36-45,Single,0,1,2
1106,70+,Married,0,2,4
1107,36-45,Married,0,3,4
1108,36-45,Married,0,2,7
1109,46-55,Married,0,2,5
1110,26-35,Married,0,3,3
1111,46-55,Married,0,3,4
1112,26-35,Single,0,1,5
1113,36-45,Married,0,2,5
1114,56-70,Single,0,1,6
1115,70+,Married,0,1,2
1116,36-45,Married,0,5+,4
1117,56-70,Married,0,2,5
1118,36-45,Married,0,2,4
1119,18-25,Single,1,1,4
1120,18-25,Single,0,1,1
1121,36-45,Single,0,3,6
1122,36-45,Single,0,1,3
1123,46-55,Married,0,1,5
1124,56-70,Married,0,2,9
1125,46-55,Married,0,2,5
1126,36-45,Married,0,2,5
1127,26-35,Married,0,4,8
1128,26-35,Married,0,1,6
1129,36-45,Married,0,1,5
1130,46-55,Married,0,1,1
1131,46-55,Married,0,1,5
1132,26-35,Married,0,1,4
1133,70+,Married,0,2,3
1134,70+,Married,1,1,1
1135,26-35,Married,0,3,5
1136,36-45,Single,1,1,6
1137,26-35,Married,0,5+,5
1138,46-55,Married,0,3,9
1139,56-70,Married,0,2,5
1140,26-35,Married,0,1,7
1141,26-35,Married,0,5+,5
1142,70+,Married,0,1,2
1143,36-45,Married,0,5+,8
1144,26-35,Single,0,3,3
1145,26-35,Married,0,1,5
1146,36-45,Married,0,1,4
1147,46-55,Married,0,1,5
1148,46-55,Married,0,1,1
1149,46-55,Married,0,3,5
1150,46-55,Married,0,1,6
1151,46-55,Married,1,2,3
1152,18-25,Single,0,1,3
1153,46-55,Married,0,2,6
1154,46-55,Married,0,1,5
1155,36-45,Married,0,5+,7
1156,26-35,Single,0,2,8
1157,36-45,Single,0,1,6
1158,36-45,Single,1,2,4
1159,36-45,Married,0,5+,3
1160,46-55,Married,0,2,2
1161,36-45,Married,0,2,4
1162,26-35,Single,0,2,8
1163,26-35,Married,0,2,3
1164,56-70,Married,0,2,6
1165,18-25,Single,0,1,5
1166,56-70,Married,0,2,5
1167,36-45,Married,0,1,2
1168,46-55,Married,0,1,5
1169,26-35,Married,0,3,7
1170,46-55,Married,0,3,1
1171,56-70,Married,0,2,8
1172,36-45,Married,0,2,4
1173,46-55,Married,0,2,3
1174,46-55,Single,0,1,7
1175,26-35,Married,0,1,4
1176,36-45,Married,0,3,1
1177,46-55,Married,0,2,5
1178,36-45,Married,0,5+,2
1179,70+,Married,0,2,4
1180,56-70,Married,0,2,10
1181,36-45,Married,0,5+,6
1182,36-45,Married,0,2,8
1183,46-55,Married,0,2,6
1184,46-55,Married,0,5+,4
1185,36-45,Married,0,5+,9
1186,36-45,Married,0,5+,6
1187,56-70,Single,0,2,4
1188,46-55,Married,0,2,6
1189,26-35,Married,0,4,5
1190,26-35,Married,0,2,4
1191,26-35,Single,0,1,5
1192,56-70,Married,0,2,7
1193,36-45,Married,0,1,4
1194,26-35,Married,0,3,6
1195,56-70,Married,0,4,4
1196,46-55,Married,0,2,4
1197,46-55,Married,0,2,5
1198,26-35,Single,0,1,5
1199,46-55,Married,0,1,6
1200,36-45,Married,0,1,5
1201,26-35,Married,0,2,4
1202,46-55,Married,0,3,4
1203,56-70,Married,0,3,7
1204,46-55,Married,0,2,6
1205,70+,Married,0,2,3
1206,26-35,Married,0,1,5
1207,26-35,Married,0,4,8
1208,36-45,Married,0,1,3
1209,70+,Single,0,2,4
1210,36-45,Married,0,4,5
1211,26-35,Married,0,2,5
1212,56-70,Single,0,1,3
1213,36-45,Single,0,1,3
1214,18-25,Single,0,3,5
1215,46-55,Married,0,1,1
1216,46-55,Married,0,2,5
1217,36-45,Married,0,3,5
1218,26-35,Married,1,5+,4
1219,36-45,Single,0,1,2
1220,70+,Single,0,1,4
1221,18-25,Single,0,1,12
1222,36-45,Married,0,2,11
1223,26-35,Single,0,1,9
1224,70+,Married,0,2,1
1225,46-55,Married,0,3,10
1226,46-55,Married,0,1,5
1227,46-55,Married,0,2,5
1228,36-45,Married,0,1,6
1229,46-55,Married,0,4,5
1230,18-25,Single,0,1,4
1231,46-55,Married,0,1,3
1232,46-55,Married,0,2,12
1233,26-35,Single,0,1,4
1234,56-70,Married,0,2,4
1235,26-35,Married,0,2,5
1236,36-45,Married,0,3,2
1237,56-70,Single,0,1,10
1238,46-55,Married,0,2,12
1239,46-55,Married,1,4,3
1240,36-45,Single,1,1,4
1241,36-45,Married,0,2,8
1242,70+,Married,0,2,5
1243,46-55,Married,0,2,5
1244,36-45,Married,0,3,4
1245,46-55,Single,0,1,5
1246,46-55,Married,0,3,6
1247,46-55,Married,0,2,12
1248,46-55,Married,0,2,8
1249,36-45,Married,0,5+,5
1250,18-25,Single,0,1,1
1251,46-55,Married,0,1,10
1252,36-45,Married,0,2,5
1253,46-55,Married,0,2,12
1254,46-55,Married,0,1,5
1255,36-45,Married,0,5+,4
1256,36-45,Married,0,1,5
1257,70+,Married,0,3,1
1258,46-55,Married,0,1,5
1259,56-70,Married,0,1,7
1260,18-25,Single,0,1,5
1261,46-55,Married,0,2,4
1262,46-55,Married,0,2,6
1263,46-55,Married,0,2,3
1264,26-35,Single,0,1,5
1265,26-35,Married,0,2,4
1266,46-55,Married,1,2,3
1267,46-55,Married,0,2,1
1268,26-35,Married,0,2,1
1269,46-55,Married,0,2,9
1270,46-55,Married,0,1,4
1271,26-35,Married,0,5+,5
1272,46-55,Married,0,1,5
1273,26-35,Married,0,2,5
1274,36-45,Married,0,1,6
1275,36-45,Married,0,3,3
1276,26-35,Married,0,1,2
1277,26-35,Married,0,3,8
1278,46-55,Married,0,2,7
1279,70+,Married,0,2,1
1280,46-55,Married,0,3,2
1281,46-55,Married,0,5+,9
1282,18-25,Single,0,1,1
1283,36-45,Married,0,3,5
1284,18-25,Single,0,1,4
1285,36-45,Married,0,5+,8
1286,46-55,Married,0,1,4
1287,36-45,Married,0,2,8
1288,36-45,Married,0,2,3
1289,46-55,Married,0,2,5
1290,46-55,Single,0,1,5
1291,46-55,Single,0,2,3
1292,36-45,Married,0,3,6
1293,26-35,Married,0,2,9
1294,46-55,Single,0,1,6
1295,36-45,Single,0,1,3
1296,46-55,Single,0,1,4
1297,36-45,Married,0,2,5
1298,36-45,Married,0,2,5
1299,46-55,Married,0,3,6
1300,46-55,Married,0,1,4
1301,26-35,Married,0,2,5
1302,26-35,Married,0,3,1
1303,70+,Married,0,1,4
1304,46-55,Married,0,2,2
1305,36-45,Single,0,3,4
1306,36-45,Married,0,2,5
1307,46-55,Married,0,2,5
1308,46-55,Single,0,2,5
1309,26-35,Married,0,5+,7
1310,36-45,Married,0,4,7
1311,70+,Married,0,2,5
1312,56-70,Married,0,3,2
1313,56-70,Married,0,2,2
1314,46-55,Married,0,5+,6
1315,46-55,Married,0,5+,3
1316,36-45,Married,0,2,5
1317,46-55,Married,0,1,3
1318,46-55,Married,0,2,4
1319,56-70,Married,0,4,6
1320,46-55,Married,0,2,6
1321,46-55,Married,0,2,10
1322,70+,Married,0,3,5
1323,36-45,Married,1,4,2
1324,46-55,Single,0,3,1
1325,36-45,Married,1,2,6
1326,36-45,Married,0,1,5
1327,26-35,Married,0,5+,8
1328,36-45,Married,1,2,8
1329,36-45,Married,0,5+,5
1330,46-55,Married,0,2,9
1331,36-45,Married,1,2,5
1332,46-55,Married,0,1,5
1333,70+,Married,0,3,8
1334,46-55,Married,0,2,7
1335,70+,Married,0,2,6
1336,18-25,Single,0,2,6
1337,26-35,Single,0,1,3
1338,26-35,Married,0,2,1
1339,46-55,Single,0,1,5
1340,26-35,Single,0,2,6
1341,26-35,Married,0,2,4
1342,70+,Married,0,2,4
1343,26-35,Single,0,2,6
1344,36-45,Married,0,2,6
1345,46-55,Married,0,3,6
1346,26-35,Married,0,1,5
1347,36-45,Married,0,3,9
1348,36-45,Married,0,3,5
1349,46-55,Married,0,2,10
1350,46-55,Single,0,3,5
1351,36-45,Married,0,5+,6
1352,46-55,Married,0,2,11
1353,18-25,Single,0,1,5
1354,26-35,Married,0,4,4
1355,26-35,Single,0,1,10
1356,56-70,Single,0,1,4
1357,70+,Married,0,3,4
1358,26-35,Single,0,1,5
1359,46-55,Married,0,1,2
1360,36-45,Married,0,1,2
1361,46-55,Married,0,1,6
1362,70+,Married,0,2,4
1363,36-45,Married,0,3,11
1364,26-35,Married,0,3,4
1365,36-45,Single,0,2,5
1366,46-55,Married,0,2,5
1367,36-45,Married,0,2,4
1368,36-45,Married,0,2,7
1369,26-35,Married,0,3,9
1370,26-35,Married,0,4,5
1371,46-55,Married,0,1,9
1372,56-70,Married,0,2,8
1373,36-45,Married,0,2,4
1374,36-45,Married,0,1,4
1375,56-70,Married,0,2,1
1376,46-55,Married,0,3,7
1377,26-35,Married,0,2,8
1378,46-55,Single,0,1,2
1379,46-55,Married,0,5+,4
1380,46-55,Married,0,1,4
1381,36-45,Married,0,2,1
1382,46-55,Single,1,2,3
1383,18-25,Single,0,2,2
1384,46-55,Married,0,1,1
1385,46-55,Married,0,2,6
1386,18-25,Single,0,2,11
1387,18-25,Single,0,1,1
1388,70+,Single,0,1,4
1389,26-35,Single,0,2,5
1390,18-25,Single,0,1,1
1391,46-55,Married,0,2,5
1392,36-45,Married,0,5+,8
1393,36-45,Single,1,2,4
1394,26-35,Married,0,3,4
1395,36-45,Married,0,4,5
1396,26-35,Married,0,5+,11
1397,36-45,Single,0,2,4
1398,46-55,Married,0,4,4
1399,46-55,Married,0,3,4
1400,26-35,Married,0,1,4
1401,56-70,Married,0,5+,5
1402,56-70,Married,0,2,3
1403,46-55,Single,0,1,6
1404,46-55,Married,0,1,5
1405,36-45,Married,0,1,3
1406,26-35,Single,0,1,2
1407,36-45,Married,0,5+,4
1408,46-55,Married,0,4,2
1409,46-55,Single,0,1,5
1410,46-55,Married,0,5+,4
1411,46-55,Married,0,2,3
1412,36-45,Married,0,5+,5
1413,26-35,Married,0,4,1
1414,36-45,Married,0,2,6
1415,56-70,Married,0,1,1
1416,26-35,Single,0,1,7
1417,26-35,Single,0,1,4
1418,26-35,Single,0,2,6
1419,26-35,Married,0,2,1
1420,56-70,Married,0,2,7
1421,36-45,Married,0,1,5
1422,36-45,Single,1,2,4
1423,70+,Married,0,2,2
1424,36-45,Married,0,2,3
1425,26-35,Married,0,2,4
1426,36-45,Single,0,2,5
1427,46-55,Married,0,4,4
1428,26-35,Single,0,2,4
1429,56-70,Married,0,2,6
1430,46-55,Married,0,1,4
1431,26-35,Married,0,3,4
1432,46-55,Married,0,2,6
1433,46-55,Married,0,5+,6
1434,36-45,Married,0,3,5
1435,46-55,Married,0,3,5
1436,36-45,Single,1,4,1
1437,56-70,Married,0,2,2
1438,26-35,Married,0,3,6
1439,56-70,Married,1,3,3
1440,46-55,Single,0,3,5
1441,70+,Single,0,1,4
1442,36-45,Single,0,2,2
1443,46-55,Married,0,2,5
1444,36-45,Single,0,4,4
1445,46-55,Single,0,1,1
1446,46-55,Married,0,2,4
1447,46-55,Married,0,2,2
1448,46-55,Married,0,2,2
1449,70+,Married,0,1,4
1450,36-45,Single,0,1,1
1451,26-35,Single,0,1,2
1452,46-55,Married,0,3,8
1453,36-45,Married,0,4,5
1454,18-25,Married,0,2,2
1455,26-35,Single,0,1,5
1456,26-35,Married,0,5+,1
1457,26-35,Married,0,2,5
1458,46-55,Married,0,1,2
1459,36-45,Married,0,2,5
1460,46-55,Married,0,5+,5
1461,46-55,Married,1,1,4
1462,26-35,Married,0,2,4
1463,36-45,Married,0,2,9
1464,46-55,Married,0,4,4
1465,18-25,Married,0,3,2
1466,46-55,Married,0,1,2
1467,26-35,Single,0,3,4
1468,46-55,Married,0,1,7
1469,56-70,Married,0,2,9
1470,46-55,Single,0,2,4
1471,36-45,Married,0,3,5
1472,46-55,Single,0,2,1
1473,36-45,Married,0,2,4
1474,46-55,Single,0,2,5
1475,46-55,Married,0,2,5
1476,46-55,Married,0,3,5
1477,46-55,Married,0,1,6
1478,70+,Married,0,1,5
1479,46-55,Married,0,2,3
1480,26-35,Single,0,1,2
1481,46-55,Married,0,1,2
1482,46-55,Married,0,1,2
1483,70+,Married,0,2,4
1484,26-35,Single,1,3,3
1485,56-70,Married,0,2,4
1486,70+,Married,0,2,3
1487,36-45,Single,0,1,6
1488,36-45,Married,1,4,2
1489,46-55,Married,0,4,5
1490,18-25,Single,1,2,1
1491,46-55,Single,0,1,1
1492,56-70,Married,0,2,4
1493,70+,Married,0,2,5
1494,18-25,Single,0,2,4
1495,46-55,Married,0,1,1
1496,46-55,Married,0,4,8
1497,46-55,Married,0,4,5
1498,36-45,Married,0,2,6
1499,70+,Single,0,2,2
1500,56-70,Married,0,2,3
1501,26-35,Married,0,2,2
1502,70+,Single,0,1,7
1503,36-45,Single,0,3,6
1504,26-35,Single,0,1,1
1505,70+,Married,0,2,3
1506,56-70,Single,0,1,5
1507,26-35,Married,0,1,7
1508,46-55,Single,0,2,5
1509,36-45,Married,0,3,7
1510,70+,Married,0,2,7
1511,46-55,Married,0,2,5
1512,36-45,Single,0,1,9
1513,46-55,Married,0,2,5
1514,70+,Married,0,2,8
1515,46-55,Single,1,1,4
1516,56-70,Married,0,1,2
1517,46-55,Married,0,3,5
1518,26-35,Married,0,3,4
1519,36-45,Single,0,1,4
1520,36-45,Married,0,2,5
1521,46-55,Married,0,1,2
1522,18-25,Single,0,3,5
1523,56-70,Single,0,2,4
1524,46-55,Single,1,1,4
1525,36-45,Married,0,3,4
1526,26-35,Married,0,3,2
1527,46-55,Married,0,1,1
1528,36-45,Single,0,2,9
1529,36-45,Married,0,2,1
1530,46-55,Married,0,5+,8
1531,46-55,Married,0,3,3
1532,46-55,Married,0,3,8
1533,70+,Married,0,2,6
1534,36-45,Married,0,2,3
1535,26-35,Married,1,2,5
1536,36-45,Married,0,4,5
1537,70+,Married,0,2,6
1538,46-55,Single,0,1,4
1539,36-45,Married,0,1,5
1540,26-35,Single,0,1,5
1541,46-55,Married,0,1,2
1542,18-25,Married,0,1,4
1543,18-25,Single,0,1,1
1544,18-25,Married,0,2,4
1545,36-45,Married,0,1,5
1546,26-35,Married,0,2,5
1547,70+,Married,0,2,4
1548,70+,Married,0,2,2
1549,70+,Single,0,1,3
1550,56-70,Married,0,2,2
1551,46-55,Married,0,1,3
1552,46-55,Married,0,2,5
1553,46-55,Married,0,4,5
1554,46-55,Married,0,2,4
1555,26-35,Married,0,2,5
1556,36-45,Single,0,1,8
1557,46-55,Single,0,1,5
1558,26-35,Married,1,3,6
1559,46-55,Married,0,1,5
1560,18-25,Married,1,3,4
1561,46-55,Single,0,4,2
1562,36-45,Married,0,1,5
1563,46-55,Married,0,2,4
1564,46-55,Single,0,1,2
1565,46-55,Married,0,2,4
1566,26-35,Married,1,4,7
1567,46-55,Married,0,3,6
1568,36-45,Married,0,2,6
1569,46-55,Married,1,1,2
1570,56-70,Single,0,1,4
1571,36-45,Married,0,2,6
1572,46-55,Single,0,2,2
1573,18-25,Single,0,2,5
1574,46-55,Single,0,1,9
1575,36-45,Married,0,1,5
1576,26-35,Married,0,1,3
1577,46-55,Married,0,1,5
1578,36-45,Married,0,2,4
1579,46-55,Married,0,5+,8
1580,36-45,Married,0,2,6
1581,26-35,Married,0,1,4
1582,18-25,Single,1,4,1
1583,46-55,Married,0,2,5
1584,26-35,Married,0,5+,4
1585,36-45,Single,0,1,2
1586,36-45,Single,0,1,1
1587,36-45,Married,0,2,9
1588,36-45,Single,0,2,6
1589,46-55,Married,0,2,6
1590,46-55,Single,0,1,6
1591,46-55,Married,0,2,2
1592,46-55,Married,0,1,5
1593,36-45,Married,0,1,5
1594,26-35,Married,0,3,4
1595,36-45,Single,0,1,2
1596,36-45,Married,0,1,3
1597,46-55,Married,0,3,5
1598,36-45,Single,0,1,3
1599,46-55,Married,0,1,3
1600,26-35,Married,0,3,4
1601,36-45,Married,0,2,9
1602,46-55,Married,0,1,5
1603,46-55,Married,0,2,2
1604,56-70,Married,0,1,6
1605,18-25,Single,0,1,12
1606,46-55,Married,0,2,1
1607,56-70,Single,0,1,4
1608,26-35,Married,1,4,2
1609,46-55,Married,0,1,4
1610,36-45,Married,0,5+,4
1611,46-55,Married,0,5+,8
1612,46-55,Married,0,4,6
1613,46-55,Married,0,1,4
1614,26-35,Married,0,2,4
1615,70+,Married,0,2,6
1616,26-35,Married,0,5+,4
1617,36-45,Married,0,2,6
1618,46-55,Single,0,2,7
1619,46-55,Single,0,2,3
1620,18-25,Single,0,1,4
1621,70+,Married,0,1,1
1622,36-45,Married,0,2,10
1623,46-55,Single,0,2,9
1624,18-25,Married,0,3,5
1625,70+,Married,0,2,4
1626,46-55,Married,0,1,5
1627,70+,Married,0,2,9
1628,46-55,Married,0,2,3
1629,18-25,Single,1,5+,1
1630,46-55,Married,0,2,9
1631,56-70,Married,0,2,4
1632,46-55,Married,0,2,6
1633,70+,Married,0,2,6
1634,56-70,Single,0,1,6
1635,26-35,Married,0,5+,3
1636,46-55,Married,0,5+,8
1637,46-55,Single,0,2,4
1638,46-55,Married,0,3,10
1639,46-55,Married,0,1,10
1640,46-55,Married,0,3,6
1641,70+,Married,0,2,6
1642,26-35,Single,0,1,9
1643,26-35,Married,0,4,2
1644,46-55,Married,0,5+,8
1645,46-55,Married,0,1,5
1646,18-25,Married,1,2,4
1647,36-45,Single,0,1,2
1648,70+,Married,0,2,4
1649,36-45,Married,0,3,4
1650,36-45,Married,0,2,7
1651,46-55,Married,0,2,5
1652,26-35,Married,0,3,3
1653,46-55,Married,0,3,4
1654,26-35,Single,0,1,5
1655,36-45,Married,0,2,5
1656,56-70,Single,0,1,6
1657,70+,Married,0,1,2
1658,36-45,Married,0,5+,4
1659,56-70,Married,0,2,5
1660,36-45,Married,0,2,4
1661,18-25,Single,1,1,4
1662,18-25,Single,0,1,1
1663,36-45,Single,0,3,6
1664,36-45,Single,0,1,3
1665,46-55,Married,0,1,5
1666,56-70,Married,0,2,9
1667,46-55,Married,0,2,5
1668,36-45,Married,0,2,5
1669,26-35,Married,0,4,8
1670,26-35,Married,0,1,6
1671,36-45,Married,0,1,5
1672,46-55,Married,0,1,1
1673,46-55,Married,0,1,5
1674,26-35,Married,0,1,4
1675,70+,Married,0,2,3
1676,70+,Married,1,1,1
1677,26-35,Married,0,3,5
1678,36-45,Single,1,1,6
1679,26-35,Married,0,5+,5
1680,46-55,Married,0,3,9
1681,56-70,Married,0,2,5
1682,26-35,Married,0,1,7
1683,26-35,Married,0,5+,5
1684,70+,Married,0,1,2
1685,36-45,Married,0,5+,8
1686,26-35,Single,0,3,3
1687,26-35,Married,0,1,5
1688,36-45,Married,0,1,4
1689,46-55,Married,0,1,5
1690,46-55,Married,0,1,1
1691,46-55,Married,0,3,5
1692,46-55,Married,0,1,6
1693,46-55,Married,1,2,3
1694,18-25,Single,0,1,3
1695,46-55,Married,0,2,6
1696,46-55,Married,0,1,5
1697,36-45,Married,0,5+,7
1698,26-35,Single,0,2,8
1699,36-45,Single,0,1,6
1700,36-45,Single,1,2,4
1701,36-45,Married,0,5+,3
1702,46-55,Married,0,2,2
1703,36-45,Married,0,2,4
1704,26-35,Single,0,2,8
1705,26-35,Married,0,2,3
1706,56-70,Married,0,2,6
1707,18-25,Single,0,1,5
1708,56-70,Married,0,2,5
1709,36-45,Married,0,1,2
1710,46-55,Married,0,1,5
1711,26-35,Married,0,3,7
1712,46-55,Married,0,3,1
1713,56-70,Married,0,2,8
1714,36-45,Married,0,2,4
1715,46-55,Married,0,2,3
1716,46-55,Single,0,1,7
1717,26-35,Married,0,1,4
1718,36-45,Married,0,3,1
1719,46-55,Married,0,2,5
1720,36-45,Married,0,5+,2
1721,70+,Married,0,2,4
1722,56-70,Married,0,2,10
1723,36-45,Married,0,5+,6
1724,36-45,Married,0,2,8
1725,46-55,Married,0,2,6
1726,46-55,Married,0,5+,4
1727,36-45,Married,0,5+,9
1728,36-45,Married,0,5+,6
1729,56-70,Single,0,2,4
1730,46-55,Married,0,2,6
1731,26-35,Married,0,4,5
1732,26-35,Married,0,2,4
1733,26-35,Single,0,1,5
1734,56-70,Married,0,2,7
1735,36-45,Married,0,1,4
1736,26-35,Married,0,3,6
1737,56-70,Married,0,4,4
1738,46-55,Married,0,2,4
1739,46-55,Married,0,2,5
1740,26-35,Single,0,1,5
1741,46-55,Married,0,1,6
1742,36-45,Married,0,1,5
1743,26-35,Married,0,2,4
1744,46-55,Married,0,3,4
1745,56-70,Married,0,3,7
1746,46-55,Married,0,2,6
1747,70+,Married,0,2,3
1748,26-35,Married,0,1,5
1749,26-35,Married,0,4,8
1750,36-45,Married,0,1,3
1751,70+,Single,0,2,4
1752,36-45,Married,0,4,5
1753,26-35,Married,0,2,5
1754,56-70,Single,0,1,3
1755,36-45,Single,0,1,3
1756,18-25,Single,0,3,5
1757,46-55,Married,0,1,1
1758,46-55,Married,0,2,5
1759,36-45,Married,0,3,5
1760,26-35,Married,1,5+,4
1761,36-45,Single,0,1,2
1762,70+,Single,0,1,4
1763,18-25,Single,0,1,12
1764,36-45,Married,0,2,11
1765,26-35,Single,0,1,9
1766,70+,Married,0,2,1
1767,46-55,Married,0,3,10
1768,46-55,Married,0,1,5
1769,46-55,Married,0,2,5
1770,36-45,Married,0,1,6
1771,46-55,Married,0,4,5
1772,18-25,Single,0,1,4
1773,46-55,Married,0,1,3
1774,46-55,Married,0,2,12
1775,26-35,Single,0,1,4
1776,56-70,Married,0,2,4
1777,26-35,Married,0,2,5
1778,36-45,Married,0,3,2
1779,56-70,Single,0,1,10
1780,46-55,Married,0,2,12
1781,46-55,Married,1,4,3
1782,36-45,Single,1,1,4
1783,36-45,Married,0,2,8
1784,70+,Married,0,2,5
1785,46-55,Married,0,2,5
1786,36-45,Married,0,3,4
1787,46-55,Single,0,1,5
1788,46-55,Married,0,3,6
1789,46-55,Married,0,2,12
1790,46-55,Married,0,2,8
1791,36-45,Married,0,5+,5
1792,18-25,Single,0,1,1
1793,46-55,Married,0,1,10
1794,36-45,Married,0,2,5
1795,46-55,Married,0,2,12
1796,46-55,Married,0,1,5
1797,36-45,Married,0,5+,4
1798,36-45,Married,0,1,5
1799,70+,Married,0,3,1
1800,46-55,Married,0,1,5
1801,56-70,Married,0,1,7
1802,18-25,Single,0,1,5
1803,46-55,Married,0,2,4
1804,46-55,Married,0,2,6
1805,46-55,Married,0,2,3
1806,26-35,Single,0,1,5
1807,26-35,Married,0,2,4
1808,46-55,Married,1,2,3
1809,46-55,Married,0,2,1
1810,26-35,Married,0,2,1
1811,46-55,Married,0,2,9
1812,46-55,Married,0,1,4
1813,26-35,Married,0,5+,5
1814,46-55,Married,0,1,5
1815,26-35,Married,0,2,5
1816,36-45,Married,0,1,6
1817,36-45,Married,0,3,3
1818,26-35,Married,0,1,2
1819,26-35,Married,0,3,8
1820,46-55,Married,0,2,7
1821,70+,Married,0,2,1
1822,46-55,Married,0,3,2
1823,46-55,Married,0,5+,9
1824,18-25,Single,0,1,1
1825,36-45,Married,0,3,5
1826,18-25,Single,0,1,4
1827,36-45,Married,0,5+,8
1828,46-55,Married,0,1,4
1829,36-45,Married,0,2,8
1830,36-45,Married,0,2,3
1831,46-55,Married,0,2,5
1832,46-55,Single,0,1,5
1833,46-55,Single,0,2,3
1834,36-45,Married,0,3,6
1835,26-35,Married,0,2,9
1836,46-55,Single,0,1,6
1837,36-45,Single,0,1,3
1838,46-55,Single,0,1,4
1839,36-45,Married,0,2,5
1840,36-45,Married,0,2,5
1841,46-55,Married,0,3,6
1842,46-55,Married,0,1,4
1843,26-35,Married,0,2,5
1844,26-35,Married,0,3,1
1845,70+,Married,0,1,4
1846,46-55,Married,0,2,2
1847,36-45,Single,0,3,4
1848,36-45,Married,0,2,5
1849,46-55,Married,0,2,5
1850,46-55,Single,0,2,5
1851,26-35,Married,0,5+,7
1852,36-45,Married,0,4,7
1853,70+,Married,0,2,5
1854,56-70,Married,0,3,2
1855,56-70,Married,0,2,2
1856,46-55,Married,0,5+,6
1857,46-55,Married,0,5+,3
1858,36-45,Married,0,2,5
1859,46-55,Married,0,1,3
1860,46-55,Married,0,2,4
1861,56-70,Married,0,4,6
1862,46-55,Married,0,2,6
1863,46-55,Married,0,2,10
1864,70+,Married,0,3,5
1865,36-45,Married,1,4,2
1866,46-55,Single,0,3,1
1867,36-45,Married,1,2,6
1868,36-45,Married,0,1,5
1869,26-35,Married,0,5+,8
1870,36-45,Married,1,2,8
1871,36-45,Married,0,5+,5
1872,46-55,Married,0,2,9
1873,36-45,Married,1,2,5
1874,46-55,Married,0,1,5
1875,70+,Married,0,3,8
1876,46-55,Married,0,2,7
1877,70+,Married,0,2,6
1878,18-25,Single,0,2,6
1879,26-35,Single,0,1,3
1880,26-35,Married,0,2,1
1881,46-55,Single,0,1,5
1882,26-35,Single,0,2,6
1883,26-35,Married,0,2,4
1884,70+,Married,0,2,4
1885,26-35,Single,0,2,6
1886,36-45,Married,0,2,6
1887,46-55,Married,0,3,6
1888,26-35,Married,0,1,5
1889,36-45,Married,0,3,9
1890,36-45,Married,0,3,5
1891,46-55,Married,0,2,10
1892,46-55,Single,0,3,5
1893,36-45,Married,0,5+,6
1894,46-55,Married,0,2,11
1895,18-25,Single,0,1,5
1896,26-35,Married,0,4,4
1897,26-35,Single,0,1,10
1898,56-70,Single,0,1,4
1899,70+,Married,0,3,4
1900,26-35,Single,0,1,5
1901,46-55,Married,0,1,2
1902,36-45,Married,0,1,2
1903,46-55,Married,0,1,6
1904,70+,Married,0,2,4
1905,36-45,Married,0,3,11
1906,26-35,Married,0,3,4
1907,36-45,Single,0,2,5
1908,46-55,Married,0,2,5
1909,36-45,Married,0,2,4
1910,36-45,Married,0,2,7
1911,26-35,Married,0,3,9
1912,26-35,Married,0,4,5
1913,46-55,Married,0,1,9
1914,56-70,Married,0,2,8
1915,36-45,Married,0,2,4
1916,36-45,Married,0,1,4
1917,56-70,Married,0,2,1
1918,46-55,Married,0,3,7
1919,26-35,Married,0,2,8
1920,46-55,Single,0,1,2
1921,46-55,Married,0,5+,4
1922,46-55,Married,0,1,4
1923,36-45,Married,0,2,1
1924,46-55,Single,1,2,3
1925,18-25,Single,0,2,2
1926,46-55,Married,0,1,1
1927,46-55,Married,0,2,6
1928,18-25,Single,0,2,11
1929,18-25,Single,0,1,1
1930,70+,Single,0,1,4
1931,26-35,Single,0,2,5
1932,18-25,Single,0,1,1
1933,46-55,Married,0,2,5
1934,36-45,Married,0,5+,8
1935,36-45,Single,1,2,4
1936,26-35,Married,0,3,4
1937,36-45,Married,0,4,5
1938,26-35,Married,0,5+,11
1939,36-45,Single,0,2,4
1940,46-55,Married,0,4,4
1941,46-55,Married,0,3,4
1942,26-35,Married,0,1,4
1943,56-70,Married,0,5+,5
1944,56-70,Married,0,2,3
1945,46-55,Single,0,1,6
1946,46-55,Married,0,1,5
1947,36-45,Married,0,1,3
1948,26-35,Single,0,1,2
1949,36-45,Married,0,5+,4
1950,46-55,Married,0,4,2
1951,46-55,Single,0,1,5
1952,46-55,Married,0,5+,4
1953,46-55,Married,0,2,3
1954,36-45,Married,0,5+,5
1955,26-35,Married,0,4,1
1956,36-45,Married,0,2,6
1957,56-70,Married,0,1,1
1958,26-35,Single,0,1,7
1959,26-35,Single,0,1,4
1960,26-35,Single,0,2,6
1961,26-35,Married,0,2,1
1962,56-70,Married,0,2,7
1963,36-45,Married,0,1,5
1964,36-45,Single,1,2,4
1965,70+,Married,0,2,2
1966,36-45,Married,0,2,3
1967,26-35,Married,0,2,4
1968,36-45,Single,0,2,5
1969,46-55,Married,0,4,4
1970,26-35,Single,0,2,4
1971,56-70,Married,0,2,6
1972,46-55,Married,0,1,4
1973,26-35,Married,0,3,4
1974,46-55,Married,0,2,6
1975,46-55,Married,0,5+,6
1976,36-45,Married,0,3,5
1977,46-55,Married,0,3,5
1978,36-45,Single,1,4,1
1979,56-70,Married,0,2,2
1980,26-35,Married,0,3,6
1981,56-70,Married,1,3,3
1982,46-55,Single,0,3,5
1983,70+,Single,0,1,4
1984,36-45,Single,0,2,2
1985,46-55,Married,0,2,5
1986,36-45,Single,0,4,4
1987,46-55,Single,0,1,1
1988,46-55,Married,0,2,4
1989,46-55,Married,0,2,2
1990,46-55,Married,0,2,2
1991,70+,Married,0,1,4
1992,36-45,Single,0,1,1
1993,26-35,Single,0,1,2
1994,46-55,Married,0,3,8
1995,36-45,Married,0,4,5
1996,18-25,Married,0,2,2
1997,26-35,Single,0,1,5
1998,26-35,Married,0,5+,1
1999,26-35,Married,0,2,5
2000,46-55,Married,0,1,2
